title,model,brand,category,price,product_url,image_url,store,search_query
Conti Tch-171-Wh-R,Tch-171-Wh-R,Conti,Home Appliances,35.0,https://diamondstarjo.com/product/tch-171-wh-r/,https://diamondstarjo.com/wp-content/uploads/2024/02/TCH-171-WH-R.jpg,Diamond Star,conti
Conti Rice Cooker Epc08A001,Epc08A001,Conti,Kitchen Appliances,75.0,https://diamondstarjo.com/product/epc08a001/,https://diamondstarjo.com/wp-content/uploads/2024/02/a1qw8nz_500x.webp,Diamond Star,conti
Conti Afo2501-Ss,Afo2501-Ss,Conti,Air Fryer,119.0,https://diamondstarjo.com/product/afo2501-ss/,https://diamondstarjo.com/wp-content/uploads/2024/02/CONTI-AIR-FRYER-OVEN-AFO2501-SS-1000x1000-1.jpg,Diamond Star,conti
Conti Af8001W-Bk,Af8001W-Bk,Conti,Air Fryer,69.0,https://diamondstarjo.com/product/af8001w-bk/,https://diamondstarjo.com/wp-content/uploads/2024/02/CONTI-AIR-FRYER-AF-8001W-BK-300x300-1.jpg,Diamond Star,conti
Conti Af5001-Bk,Af5001-Bk,Conti,Air Fryer,49.0,https://diamondstarjo.com/product/af5001-bk/,https://diamondstarjo.com/wp-content/uploads/2024/02/CONTI-AIR-FRYER-AF-5001-BK-300x300-1.jpg,Diamond Star,conti
Conti Mg20001-Ss,Mg20001-Ss,Conti,Kitchen Appliances,79.0,https://diamondstarjo.com/product/mg20001-ss/,https://diamondstarjo.com/wp-content/uploads/2024/02/CONTI-MEAT-MINCER_1000.png,Diamond Star,conti
Conti Sb-21006-Bk,Sb-21006-Bk,Conti,Blender & Mixer,40.0,https://diamondstarjo.com/product/sb-21006-bk/,https://diamondstarjo.com/wp-content/uploads/2024/02/SB-21006-BK.webp,Diamond Star,conti
Conti Sb-21003-Bk,Sb-21003-Bk,Conti,Blender & Mixer,28.0,https://diamondstarjo.com/product/sb-21003-bk/,https://diamondstarjo.com/wp-content/uploads/2024/02/SB-21003-BK-3.jpg,Diamond Star,conti
Conti Sb-21001-Bk,Sb-21001-Bk,Conti,Blender & Mixer,22.0,https://diamondstarjo.com/product/sb-21001-bk/,https://diamondstarjo.com/wp-content/uploads/2024/02/SB-21001-BK.jpg,Diamond Star,conti
Conti Ck-6005-Db,Ck-6005-Db,Conti,Kettle,19.0,https://diamondstarjo.com/product/ck-6005-db/,https://diamondstarjo.com/wp-content/uploads/2024/02/download.jpg,Diamond Star,conti
Conti Ck-3017,Ck-3017,Conti,Home Appliances,10.0,https://diamondstarjo.com/product/ck-3017/,https://diamondstarjo.com/wp-content/uploads/2024/01/X4-1.png,Diamond Star,conti
Conti Con.Ketl.0038,Ck-6007-Ss,Conti,Kettle,15.0,https://diamondstarjo.com/product/con-ketl-0038/,https://diamondstarjo.com/wp-content/uploads/2024/01/كونتي.webp,Diamond Star,conti
Conti-Con.Hob.0003,Cgh 9503 C Bk,Conti-Con.Hob.0003,Built In,199.0,https://diamondstarjo.com/product/con-hob-0003/,https://diamondstarjo.com/wp-content/uploads/2024/01/GAZ-HOP.jpg,Diamond Star,conti
Conti .Dryer.0004,Td-Hp92-S,Conti,Dryers,399.0,https://diamondstarjo.com/product/con-dryer-0004/,https://diamondstarjo.com/wp-content/uploads/2024/01/Conti-Dryer.jpg,Diamond Star,conti
Conti Con.Wm.0017,Wm-S81232-S,Conti,Home Appliances,259.0,https://diamondstarjo.com/product/con-wm-0017/,https://diamondstarjo.com/wp-content/uploads/2024/01/WM-S8123-S.jpg,Diamond Star,conti
Conti Con.Wm.0016,Wm-S71031-Sb,Conti,Home Appliances,229.0,https://diamondstarjo.com/product/con-wm-0016/,https://diamondstarjo.com/wp-content/uploads/2024/01/غسالة-كونتي.jpg,Diamond Star,conti
Conti Con.Dw.0007,Dw-8L33-Dix,Conti,Dishwasher,309.0,https://diamondstarjo.com/product/con-dw-0007/,https://diamondstarjo.com/wp-content/uploads/2024/01/DW-8L33-DIX.png,Diamond Star,conti
Conti Con.Dw.0012,Dw-6L-23-Dix,Conti,Dishwasher,269.0,https://diamondstarjo.com/product/con-dw-0012/,https://diamondstarjo.com/wp-content/uploads/2024/01/DW-6L23-IX.png,Diamond Star,conti
Conti.Gascokr.0010,Cgc-959-Ffc T,Conti.Gascokr.0010,Cookers,469.0,https://diamondstarjo.com/product/con-gascokr-0010/,https://diamondstarjo.com/wp-content/uploads/2024/01/CGC959-FFC-T.jpg,Diamond Star,conti
Conti.Gascokr.0008,Cgc 957 Ffc Ix,Conti.Gascokr.0008,Cookers,339.0,https://diamondstarjo.com/product/con-gascokr-0008/,https://diamondstarjo.com/wp-content/uploads/2024/01/Conti-_CGC957-FFC-IX.jpg,Diamond Star,conti
Conti.Gascokr.0004,Cgc 953 Fc Bk,Conti.Gascokr.0004,Cookers,339.0,https://diamondstarjo.com/product/con-gascokr-0004/,https://diamondstarjo.com/wp-content/uploads/2024/01/CGC953-FE-BK-2.jpg,Diamond Star,conti
Conti.Gascokr.0002,Cgc 952-Fe-Ix,Conti.Gascokr.0002,Cookers,319.0,https://diamondstarjo.com/product/con-gascokr-0002/,https://diamondstarjo.com/wp-content/uploads/2024/01/CGC952-FE-IX-1.jpg,Diamond Star,conti
Conti Con.Ehtr.0008,Pfh-218-Wb,Conti,Home Appliances,18.0,https://diamondstarjo.com/product/con-ehtr-0008/,https://diamondstarjo.com/wp-content/uploads/2024/01/90595-ATG-Visual-Resizing-04-300X300.jpg,Diamond Star,conti
Conti Con.Ehtr.0007,Uqh-Bl26-Bk,Conti,Home Appliances,49.0,https://diamondstarjo.com/product/con-ehtr-0007/,https://diamondstarjo.com/wp-content/uploads/2024/01/90595-ATG-Visual-Resizing-03-300X300.jpg,Diamond Star,conti
Conti Con.Ehtr.0006,Smh-200-Bk,Conti,Home Appliances,49.0,https://diamondstarjo.com/product/con-ehtr-0006/,https://diamondstarjo.com/wp-content/uploads/2024/01/SMH-200-BK-4.jpg,Diamond Star,conti
Conti Con.Ehtr.0005,Smh-200-Wh,Conti,Home Appliances,49.0,https://diamondstarjo.com/product/con-ehtr-0005/,https://diamondstarjo.com/wp-content/uploads/2024/01/SMH-200-WH-3.jpg,Diamond Star,conti
Conti.Ehtr.0004,Tch-151-Wb,Conti.Ehtr.0004,Home Appliances,25.0,https://diamondstarjo.com/product/con-ehtr-0004/,https://diamondstarjo.com/wp-content/uploads/2024/01/TCH-151-WB.jpg,Diamond Star,conti
Conti Con.Ehtr.0003,Tch-172-Wb-R,Conti,Home Appliances,35.0,https://diamondstarjo.com/product/con-ehtr-0003/,https://diamondstarjo.com/wp-content/uploads/2024/01/TCH-172-WB-R-6.jpg,Diamond Star,conti
Conti Con.Ehtr.0001,Tch-201-Bk-R,Conti,Home Appliances,40.0,https://diamondstarjo.com/product/con-ehtr-0001/,https://diamondstarjo.com/wp-content/uploads/2024/01/TCH-201-BK-R-5.jpg,Diamond Star,conti
Conti Con.Oilr.0002,Ordt-1413,Conti,Home Appliances,60.0,https://diamondstarjo.com/product/con-oilr-0002/,https://diamondstarjo.com/wp-content/uploads/2024/01/ننننن.webp,Diamond Star,conti
Conti Con.Oilr.0001,Ordt-1411,Conti,Home Appliances,50.0,https://diamondstarjo.com/product/con-oilr-0001/,https://diamondstarjo.com/wp-content/uploads/2024/01/radiator.webp,Diamond Star,conti
Conti Mw.0091,Mw5138-S,Conti,Kitchen Appliances,95.0,https://diamondstarjo.com/product/con-mw-0091/,https://diamondstarjo.com/wp-content/uploads/2024/01/كككك.jpg,Diamond Star,conti
Conti.Mw.0090,Mw5138-B,Conti.Mw.0090,Kitchen Appliances,95.0,https://diamondstarjo.com/product/con-mw-0090/,https://diamondstarjo.com/wp-content/uploads/2024/01/كونتي-خر.jpg,Diamond Star,conti
Conti.Mw.0087,Mw5532-S,Conti.Mw.0087,Kitchen Appliances,85.0,https://diamondstarjo.com/product/con-mw-0087/,https://diamondstarjo.com/wp-content/uploads/2024/01/ميكرويف-كونتي-عع.jpg,Diamond Star,conti
Conti.Mw.0086,Mw5532-B,Conti.Mw.0086,Kitchen Appliances,85.0,https://diamondstarjo.com/product/con-mw-0086/,https://diamondstarjo.com/wp-content/uploads/2024/01/32لتر.jpg,Diamond Star,conti
Conti.Mw.0085,Mw5128-S,Conti.Mw.0085,Kitchen Appliances,75.0,https://diamondstarjo.com/product/con-mw-0085/,https://diamondstarjo.com/wp-content/uploads/2024/01/ميكرويف-خخخ.jpg,Diamond Star,conti
"Spark Vacuum Bag Dust Bag Full Indicator, Air Flow Control On Handle, 1200Watts, 3Lit, Black",Zj8208-Wf,Spark,Canister Vacuum,29.99,https://smartbuy-me.com/products/efe0616st0003?_pos=1&_sid=41bc06825&_ss=r,https://smartbuy-me.com/cdn/shop/files/EFE0616ST0003-2.jpg?v=1728550452&width=1024,Smart Buy,conti
Solac Iron Red 3100W Continuo: 50 G/Min Potenza: 3100 W Getto Di Vapore: 220 G/Min,Pv2040,Solac,Steam Iron,49.0,https://smartbuy-me.com/products/spe0619st0014?_pos=2&_sid=41bc06825&_ss=r,https://smartbuy-me.com/cdn/shop/files/SPE0619ST0014-1_3c196a18-fd93-471e-9d61-221cb6f59287.jpg?v=1722503366&width=1024,Smart Buy,conti
"Sony 65 Bravia Xr Class A80L Oled, Contrast Pro 4K Hdr",Xr-65A80L,Sony,Oled,1299.0,https://smartbuy-me.com/products/son0921st0025?_pos=3&_sid=41bc06825&_ss=r,https://smartbuy-me.com/cdn/shop/files/SON0921ST0025-1_1222ecb3-d685-40b1-bf3d-294eb794cb48.jpg?v=1722503257&width=1024,Smart Buy,conti
Stainless Steel Grinding Bladesself-Contained Cord Storage Rubber Fe,Kg40 Coffee Delonghi,Delonghi,Coffee Makers,42.92,https://smartbuy-me.com/products/its0622st0021?_pos=4&_sid=41bc06825&_ss=r,https://smartbuy-me.com/cdn/shop/files/ITS0622ST0021.jpg?v=1722961276&width=1024,Smart Buy,conti
Kingtop Controller Charging Station Compatible With Ps5 Controller,Tp5-05105,Kingtop,Gaming Accessories,10.0,https://smartbuy-me.com/products/gol0917st0050?_pos=5&_sid=41bc06825&_ss=r,https://smartbuy-me.com/cdn/shop/files/GOL0917ST0050.jpg?v=1722958166&width=1024,Smart Buy,conti
None Ps4 Wireless Controller Compatible,Ps4-Com,N/A,Gaming Accessories,20.0,https://smartbuy-me.com/products/gol0917st0015?_pos=6&_sid=41bc06825&_ss=r,https://smartbuy-me.com/cdn/shop/files/GOL0917ST0015.jpg?v=1722958102&width=1024,Smart Buy,conti
"Trisa Contact Grill 7378.42 ""Snack Mate"" 850W Black",7378.4245,Ariete,Toasters & Grill,80.0,https://smartbuy-me.com/products/fig0639st0003?_pos=7&_sid=41bc06825&_ss=r,https://smartbuy-me.com/cdn/shop/files/FIG0639ST0003-1_9848323f-56b5-4678-a48f-2b70ae2f0ce7.jpg?v=1723372108&width=1024,Smart Buy,conti
Stereo Wire - Controlled Earphone,S31,Xo,Connectivity,11.0,https://smartbuy-me.com/products/sht0725st0004?_pos=8&_sid=41bc06825&_ss=r,https://smartbuy-me.com/cdn/shop/files/SHT0725ST0004.jpg?v=1722964254&width=1024,Smart Buy,conti
Nas-Je850N/Tekmaz Juice Extractor Power 850W 2 Speeds Big Chuter 75Mm Pulp Container 2L St,Nas-Je850,Tekmaz,Juicers,55.0,https://smartbuy-me.com/products/nsq0632st0002?_pos=9&_sid=41bc06825&_ss=r,https://smartbuy-me.com/cdn/shop/files/NSQ0632ST0002.jpg?v=1722962753&width=1024,Smart Buy,conti
Bruna Il Capo Red Capsules Simple Touch Control Panel One Touch Cup Size Control With Perfect,Cm101,Braun,Coffee Makers,98.99,https://smartbuy-me.com/products/abn0622st0017?_pos=10&_sid=41bc06825&_ss=r,https://smartbuy-me.com/cdn/shop/files/ABN0622ST0017_f6c68003-1ce5-4439-bd5e-16bda6334e03.jpg?v=1722952856&width=1024,Smart Buy,conti
"Baseus Ultra Control Pro Series Clamp Type Car Holder Set, Cluster Black",C40351600113-00,Baseus,Car Accessories,13.99,https://smartbuy-me.com/products/tmo0711st0064?_pos=11&_sid=41bc06825&_ss=r,https://smartbuy-me.com/cdn/shop/files/TMO0711ST0064-2.jpg?v=1727960429&width=1024,Smart Buy,conti
"Bluematic Dishwasher Freestanding A+++, 49Turbo Control, Dark Grey",Bld 8500Dx,Blumatic,Free Stand,349.0,https://smartbuy-me.com/products/jlb0614st0044?_pos=12&_sid=41bc06825&_ss=r,https://smartbuy-me.com/cdn/shop/files/JLB0614ST0044.jpg?v=1722961678&width=1024,Smart Buy,conti
Totu Cable-Control Earphone,Ep-2,Totu,Connectivity,11.0,https://smartbuy-me.com/products/sht0711st0229?_pos=13&_sid=41bc06825&_ss=r,https://smartbuy-me.com/cdn/shop/files/SHT0711ST0229_1.jpg?v=1722972224&width=1024,Smart Buy,conti
"Daewoo Contact Grill, 2100Watts, Grey",De-1326,Daewoo,Toasters & Grill,65.0,https://smartbuy-me.com/products/zhr0605st0037?_pos=14&_sid=41bc06825&_ss=r,https://smartbuy-me.com/cdn/shop/files/ZHR0605ST0037.jpg?v=1730285046&width=1024,Smart Buy,conti
Totu Ep-2 Cable-Control Earphone,Ep-2-L,Totu,Connectivity,25.0,https://smartbuy-me.com/products/sht0711st0292?_pos=15&_sid=41bc06825&_ss=r,https://smartbuy-me.com/cdn/shop/files/SHT0711ST0292.jpg?v=1722964248&width=1024,Smart Buy,conti
Black + Decker_1400W Contact Grillsteel,Cg1400-B5,B&D,Toasters & Grill,85.0,https://smartbuy-me.com/products/sbh0639st0002?_pos=16&_sid=41bc06825&_ss=r,https://smartbuy-me.com/cdn/shop/files/SBH0639ST0002_1.jpg?v=1722971953&width=1024,Smart Buy,conti
Joyroom Capacitive Touch Control Smart Watch,Jr-Ft5,Joyroom,Smart Watch,49.0,https://smartbuy-me.com/products/hsl0761st0001?_pos=17&_sid=41bc06825&_ss=r,https://smartbuy-me.com/cdn/shop/files/HSL0761ST0001_c6fcf82e-ccae-4b6e-80f5-6ee8c361920f.jpg?v=1727352106&width=1024,Smart Buy,conti
Kingtop Accessories Cooling Stand With Led Lighting Fans And Dual Controller,Tp5-05100,Kingtop,Gaming Accessories,30.0,https://smartbuy-me.com/products/gol0917st0051?_pos=18&_sid=41bc06825&_ss=r,https://smartbuy-me.com/cdn/shop/files/GOL0917ST0051.jpg?v=1722958169&width=1024,Smart Buy,conti
"Raf Electric Baking Pan 1600 Watts, Knob Control Non Stick",R.2695,Raf,Toasters & Grill,64.99,https://smartbuy-me.com/products/dsh0639st0012?_pos=19&_sid=41bc06825&_ss=r,https://smartbuy-me.com/cdn/shop/files/4-a34d12df-21e6-4ba3-be69-8ce0b5d183cc.jpg?v=1728246073&width=1024,Smart Buy,conti
"Sona Water Dispenser, Table 3 Faucets Heater Control, Silver",Yl-1740T-S,Sony,Water Dispencers,90.0,https://smartbuy-me.com/products/nda0111st0015?_pos=20&_sid=41bc06825&_ss=r,https://smartbuy-me.com/cdn/shop/files/NDA0111ST0015.jpg?v=1730129325&width=1024,Smart Buy,conti
"Sona Water Dispenser Stand, 3Faucetes Heater Control, Silver",Yl-1345-S,Sony,Water Dispencers,103.0,https://smartbuy-me.com/products/nda0111st0021?_pos=21&_sid=41bc06825&_ss=r,https://smartbuy-me.com/cdn/shop/files/background-editor_output_3e7cb393-f4b8-4ba5-9427-dc5074e45914.png?v=1728244124&width=1024,Smart Buy,conti
Wk Wire-Controlled Music Earphone Universal Bluetooth Popover Lighting Connector Wired He,Y19,Wk,Connectivity,10.0,https://smartbuy-me.com/products/gol0711st0339?_pos=22&_sid=41bc06825&_ss=r,https://smartbuy-me.com/cdn/shop/files/GOL0711ST0339.jpg?v=1722956336&width=1024,Smart Buy,conti
Braun Juicer Fruit Pulp Control Left-And-Right Rotation Dishwase,Cj3000 - Jcc,Braun,Juicers,25.52,https://smartbuy-me.com/products/its0632st0006?_pos=23&_sid=41bc06825&_ss=r,https://smartbuy-me.com/cdn/shop/files/ITS0632ST0006.jpg?v=1722961399&width=1024,Smart Buy,conti
Tapo T110 | Smart Contact Sensor,T110,Tapo,Sensor,10.0,https://smartbuy-me.com/products/tmo0711st0028?_pos=24&_sid=41bc06825&_ss=r,https://smartbuy-me.com/cdn/shop/files/TMO0711ST0028.jpg?v=1722965768&width=1024,Smart Buy,conti
Sptech Straightener Black 60 W The Temperature Reaches 230/ Temperature Control Buttons,Sphs-704D,Sp,Hair Care,9.0,https://smartbuy-me.com/products/spe0637st0014?_pos=25&_sid=41bc06825&_ss=r,https://smartbuy-me.com/cdn/shop/files/SPE0637ST0014.jpg?v=1722965331&width=1024,Smart Buy,conti
Samix Toaster (Press Grill) 2000 W Silver& Black-Variable Temperature Control W/ Low/Med/,Snk-137B,Samix,Toasters & Grill,44.0,https://smartbuy-me.com/products/sda0618st0014?_pos=26&_sid=41bc06825&_ss=r,https://smartbuy-me.com/cdn/shop/files/SDA0618ST0014.jpg?v=1722963778&width=1024,Smart Buy,conti
Remax True Wireless Stereo Bluetooth Headphone Music Call Smart Touch Control Earbuds,Tws-29,Remax,Connectivity,10.0,https://smartbuy-me.com/products/gol0711st0419?_pos=27&_sid=41bc06825&_ss=r,https://smartbuy-me.com/cdn/shop/files/GOL0711ST0419_5bad9793-65fa-484c-9d0d-e6b7822dba2f.jpg?v=1722956532&width=1024,Smart Buy,conti
"Taurus Deep Air Fryer Control Wheel, 4Lit, 2200Watts, Stainless Steel",Professional 4 2200W,Taurus,Fryers,55.0,https://smartbuy-me.com/products/spe0625st0001?_pos=28&_sid=41bc06825&_ss=r,https://smartbuy-me.com/cdn/shop/files/SPE0625ST0001.jpg?v=1722965234&width=1024,Smart Buy,conti
Pmw Cable Usb To Type C 1.5M For Sony Ps5 Handle Charging Cable Playstation Controller Data Cab,L431,Pmw,Gaming Accessories,6.0,https://smartbuy-me.com/products/gol0758st0043?_pos=29&_sid=41bc06825&_ss=r,https://smartbuy-me.com/cdn/shop/files/GOL0758ST0043.jpg?v=1722957136&width=1024,Smart Buy,conti
Taurus Iron Pink 2200 W Ceramic / Temperature Control Wheel / Vertical Or Horizont,Ptsi Rose 2200W,Taurus,Steam Iron,20.0,https://smartbuy-me.com/products/spe0619st0004?_pos=30&_sid=41bc06825&_ss=r,https://smartbuy-me.com/cdn/shop/files/SPE0619ST0004.jpg?v=1722965174&width=1024,Smart Buy,conti
"Berlingerhuas Air Fryer Touch Control Adjustable Temperature 80-200C,6.2Lit, 1300Watts, Black",Bh-9446,Berlingerh,Fryers,98.99,https://smartbuy-me.com/products/afa0625st0011?_pos=31&_sid=41bc06825&_ss=r,https://smartbuy-me.com/cdn/shop/files/AFA0625ST0011_aa3fc794-a47f-4093-a2cd-a7cffcbacfb4.jpg?v=1722953343&width=1024,Smart Buy,conti
6714E Ac Dryer 2300W Ionic Frizz Control Black,Babyliss,Babyliss,Hair Care,64.99,https://smartbuy-me.com/products/abn0617st0022?_pos=32&_sid=41bc06825&_ss=r,https://smartbuy-me.com/cdn/shop/files/ABN0617ST0022.jpg?v=1722952736&width=1024,Smart Buy,conti
Pmw 3M For Sony Ps5 Handle Charging Cable Playstation Controller Data Cable Peripheral Accessor,L432,Pmw,Gaming Accessories,8.0,https://smartbuy-me.com/products/gol0758st0044?_pos=33&_sid=41bc06825&_ss=r,https://smartbuy-me.com/cdn/shop/files/GOL0758ST0044.jpg?v=1722957138&width=1024,Smart Buy,conti
"Home Electric Oven Temperature Control Up To 230C, 1800Watts, 45Lit, Black",Hk-450,Home Electric,Electric Ovens,69.0,https://smartbuy-me.com/products/fsu0109st0001?_pos=34&_sid=41bc06825&_ss=r,https://smartbuy-me.com/cdn/shop/files/FSU0109ST0001.jpg?v=1732550200&width=1024,Smart Buy,conti
Kingtop Ps5 Game Controller Charging Station Charger Dock Stand Ps5 Wireless Gamepad,Tp5-0523,Kingtop,Gaming Accessories,15.0,https://smartbuy-me.com/products/gol0917st0049?_pos=35&_sid=41bc06825&_ss=r,https://smartbuy-me.com/cdn/shop/files/GOL0917ST0049.jpg?v=1722958164&width=1024,Smart Buy,conti
Sony Wireless Party Speaker Illuminated Touch Control Panel Compatible Smartphone,Srs-Xv500,Sony,Speakers,299.0,https://smartbuy-me.com/products/son0930st0017?_pos=36&_sid=41bc06825&_ss=r,https://smartbuy-me.com/cdn/shop/files/SON0930ST0017-1_9ea3a84b-5028-469d-8116-2a2a536ce301.jpg?v=1730386945&width=1024,Smart Buy,conti
Awei 4 Mic Enc Earphones Bluetooth True Wireless Earbuds Bt5.3 Hifi Headphone Touch Control L,T50,Awei,Connectivity,16.99,https://smartbuy-me.com/products/mwa0711st0030?_pos=37&_sid=41bc06825&_ss=r,https://smartbuy-me.com/cdn/shop/files/MWA0711ST0030.jpg?v=1722962183&width=1024,Smart Buy,conti
Sptech Mens Shaving Machine Black Stainless Steel / Cordless Blades / Degree Control Wh,Sphc-713B,Sp,Hair Care,9.0,https://smartbuy-me.com/products/spe0637st0024?_pos=38&_sid=41bc06825&_ss=r,https://smartbuy-me.com/cdn/shop/files/SPE0637ST0024.jpg?v=1722965359&width=1024,Smart Buy,conti
Sptech Straightener Blue 60 Wthe Temperature Reaches 230/ Temperature Control Buttons W,Sphs-706Wd,Sp,Hair Care,13.0,https://smartbuy-me.com/products/spe0637st0016?_pos=39&_sid=41bc06825&_ss=r,https://smartbuy-me.com/cdn/shop/files/SPE0637ST0016.jpg?v=1722965337&width=1024,Smart Buy,conti
Solac Iron Red & Blue 2600 Watt Control Scroll / Ceramic Plate / Self,Pv-2014,Solac,Steam Iron,29.0,https://smartbuy-me.com/products/spe0619st0005?_pos=40&_sid=41bc06825&_ss=r,https://smartbuy-me.com/cdn/shop/files/SPE0619ST0005.jpg?v=1722965177&width=1024,Smart Buy,conti
"Lenovo Bluetooth 5.2 Headphones Wireless Earphones, Touch Control With Dual, White",Xt93,Lenovo,Connectivity,20.0,https://smartbuy-me.com/products/gol0725st0024?_pos=41&_sid=41bc06825&_ss=r,https://smartbuy-me.com/cdn/shop/files/GOL0725ST0024-1.jpg?v=1729502693&width=1024,Smart Buy,conti
Geepas Digital Multi Cooker 8L Capacity 1200W 4 Digital Led Display Large Control Panel,Gmc35029,Geepas,Multicookers,149.0,https://smartbuy-me.com/products/mmj0631st0018?_pos=42&_sid=41bc06825&_ss=r,https://smartbuy-me.com/cdn/shop/files/MMJ0631ST0018.jpg?v=1722962062&width=1024,Smart Buy,conti
"Samsung Washing Machine A+, Combo With Ai Control, 8Kg, Washing, Air Wash",Wd80T554Dbn,Samsung,Front Load,559.0,https://smartbuy-me.com/products/sce0615st0023?_pos=43&_sid=41bc06825&_ss=r,https://smartbuy-me.com/cdn/shop/files/SCE0615ST0023_15e4ce40-23f6-4822-a65b-1785dd515d6a.jpg?v=1730101991&width=1024,Smart Buy,conti
Wk Wired Earphone High Quality Headphones 3.5Mm Plug Original Hifi Wire-Controlled,Y10,Wk,Connectivity,9.0,https://smartbuy-me.com/products/gol0711st0340?_pos=44&_sid=41bc06825&_ss=r,https://smartbuy-me.com/cdn/shop/files/GOL0711ST0340.jpg?v=1722956339&width=1024,Smart Buy,conti
Capo Espresso Machine Simple Touch Control Panel Instant Heating Thermo- Block Buitin Flow Me,Cm301,Capo,Coffee Makers,129.0,https://smartbuy-me.com/products/abn0622st0030?_pos=45&_sid=41bc06825&_ss=r,https://smartbuy-me.com/cdn/shop/files/ABN0622ST0030_c39b6f52-470e-44e7-b61f-c05262bf7de0.jpg?v=1722952858&width=1024,Smart Buy,conti
Kr Gaming Headset With Rgb Lightinline Volume Control For Simultaneous Chat & Game Sound,Kr-Gm044,Kr,Gaming Accessories,34.0,https://smartbuy-me.com/products/gol0711st0283?_pos=46&_sid=41bc06825&_ss=r,https://smartbuy-me.com/cdn/shop/files/GOL0711ST0283.jpg?v=1722956225&width=1024,Smart Buy,conti
Goldmaster Glass E-Kettle 1.8 L 2200W Strix Controller Anti Scale Mesh Filter 360 Cordl,Gms2101,Goldmaster,Kettles,29.0,https://smartbuy-me.com/products/nsq0622st0007?_pos=47&_sid=41bc06825&_ss=r,https://smartbuy-me.com/cdn/shop/files/NSQ0622ST0007.jpg?v=1722962708&width=1024,Smart Buy,conti
Hyperx Pulsefire Core Rgb Usb Gaming Mouse Software Controlled Rgb Light Effects & Macro Cu,4P4F8Aa,Hyperx,Connectivity,29.0,https://smartbuy-me.com/products/gol0804st0786?_pos=48&_sid=41bc06825&_ss=r,https://smartbuy-me.com/cdn/shop/files/GOL0804ST0786.jpg?v=1722957721&width=1024,Smart Buy,conti
Samix Toaster 2000 W (Press Grill) Silver Variable Temperature Control W/ Low/Med/High Pow,Snk-157A,Samix,Toasters & Grill,38.0,https://smartbuy-me.com/products/sda0618st0011?_pos=49&_sid=41bc06825&_ss=r,https://smartbuy-me.com/cdn/shop/files/SDA0618ST0011.jpg?v=1722963773&width=1024,Smart Buy,conti
Samix Toaster 2200 W (Press Grill) Silver Variable Temperature Control W/ Low/Med/High Pow,Snk-167A,Samix,Toasters & Grill,44.0,https://smartbuy-me.com/products/sda0618st0012?_pos=50&_sid=41bc06825&_ss=r,https://smartbuy-me.com/cdn/shop/files/SDA0618ST0012_3e389ed2-3748-45b7-8991-bd48ac5b74c7.jpg?v=1722963776&width=1024,Smart Buy,conti
Sptech Straightener White 60 W The Temperature Reaches 230/ Temperature Control Buttons,Sphs-705Wl,Sp,Hair Care,9.0,https://smartbuy-me.com/products/spe0637st0015?_pos=51&_sid=41bc06825&_ss=r,https://smartbuy-me.com/cdn/shop/files/SPE0637ST0015.jpg?v=1722965334&width=1024,Smart Buy,conti
Geepas Digital Multi Cooker 4 Digital Led Display Large Control Panel One-Touch Button C,Gmc5326N,Geepas,Multicookers,99.0,https://smartbuy-me.com/products/mmj0631st0017?_pos=52&_sid=41bc06825&_ss=r,https://smartbuy-me.com/cdn/shop/files/MMJ0631ST0017.jpg?v=1722962059&width=1024,Smart Buy,conti
Ariete Portable Steam Iron 1200Wstailess Steel Soleplatecontinuous Steamwhite,4167,Ariete,Garment Steamer,39.0,https://smartbuy-me.com/products/afa0619st0001?_pos=53&_sid=41bc06825&_ss=r,https://smartbuy-me.com/cdn/shop/files/AFA0619ST0001_1.jpg?v=1722969397&width=1024,Smart Buy,conti
Arshia Hand Steamer 1500 W250 Ml Bllue Water Capacity Tankcontinuos Steam Ability,2457,Arshia,Garment Steamer,48.0,https://smartbuy-me.com/products/umm0619st0008?_pos=54&_sid=41bc06825&_ss=r,https://smartbuy-me.com/cdn/shop/files/UMM0619ST0008.jpg?v=1722966980&width=1024,Smart Buy,conti
