Title,Model,Brand,Category,Price,Product URL,Image URL
G-Guard Led Tv 65 4K Smart Google Tv 3 HDMI 2 Usb,LED GG-65 SG LEGACY,G-GUARD,UHD,349.0,/products/ggd0921st0381,https://smartbuy-me.com/cdn/shop/files/GGD0921ST0381.jpg?v=1722956111&width=1024
"I-View LED TV 55 4K, Smart TV Android, 3 HDMI, 2 USB",LED IV - 55 JA+,I-VIEW,UHD,188.0,/products/ggd0921st0372,https://smartbuy-me.com/cdn/shop/files/GGD0921ST0372.jpg?v=1722956089&width=1024
"G-GUARD UHD 4KTV 3840* 2160P, frames, HDR10, Smart Google Tv licensed, Chrome",LED GG-70 SGV CASA,G-GUARD,UHD,399.0,/products/ggd0921st0385,https://smartbuy-me.com/cdn/shop/files/GGD0921ST0385-1_c25fb19c-1328-468d-ab0c-cea53b8bae62.jpg?v=1722500673&width=1024
Samsung Tv 50 Smart Crystal 4K 3 Hdmi 1 Usb Satellite Built-In Wi-Fi,UA50DU7000UXTW,SAMSUNG,UHD,249.0,/products/sce0921st0245,https://smartbuy-me.com/cdn/shop/files/SCE0921ST0245-3_9331c5e6-ce53-4bd8-82f4-a54c30153bf6.jpg?v=1722502829&width=1024
Samsung Led Tv 65 Smart Crystal 4K 3 HDMI 1 Usb Satellite Built-In Wi-Fi,UA65DU7000UXTW,SAMSUNG,UHD,399.0,/products/sce0921st0234,https://smartbuy-me.com/cdn/shop/files/SCE0921ST0234.jpg?v=1722963676&width=1024
"HUMAX Android TV Box, 4K Ultra HD, Android 11, Quad Core 2, 8GB,2GB Ram, Google",HUMAX ANDROID TV BOX,Humax,Receivers,66.0,/products/ggd0906st0019,https://smartbuy-me.com/cdn/shop/files/GGD0906ST0019.jpg?v=1722955983&width=1024
"G-Guard TV 50 4K, Smart Google TV Licensed ,3 HDMI, 2 USB, Quad Core",LED GG-50 QLED TQG ROVERS,G-GUARD,QLED,288.0,/products/ggd0921st0349,https://smartbuy-me.com/cdn/shop/files/GGD0921ST0349.jpg?v=1722956053&width=1024
Apple Tv 4K Wi?Fi + Ethernet With 128Gb Storage,MN893AE,APPLE,Apple Covers & Cases,165.0,/products/abj1509st0710,https://smartbuy-me.com/cdn/shop/files/ABJ1509ST0710-1_a692ade0-3f0b-4c59-96e5-c72d18393e3a.jpg?v=1722498365&width=1024
"G-Guard TV 32 HD Smart Google TV ,2 HDMI, 2 USB, Quad Core, Chromecast built",GG-32 TG CREATIVE,G-GUARD,HD,88.0,/products/ggd0901st0004,https://smartbuy-me.com/cdn/shop/files/GGD0901ST0004.jpg?v=1722955971&width=1024
Customizable Frame For The Frame Tv(Brown),VG-SCFA65BWBRU,SAMSUNG,TV FRAME,71.0,/products/sce0921st0061,https://smartbuy-me.com/cdn/shop/files/SCE0921ST0061.jpg?v=1722963532&width=1024
Customisable Frame For 2021/2022 The Frame Tv 75 (White),VG-SCFA75WTBRU,SAMSUNG,TV FRAME,71.0,/products/sce0921st0143,https://smartbuy-me.com/cdn/shop/files/SCE0921ST0143.jpg?v=1722963576&width=1024
Sht Full Motion Cantilever Tv Mount,P65,SHT,WALL BRACKET,110.0,/products/sht0915st0050,https://smartbuy-me.com/cdn/shop/files/SHT0915ST0050_c2dee61b-58ea-4a42-b682-d430d1726e94.jpg?v=1722964540&width=1024
"G-Guard LED TV 43Inch FHD, Smart Google, 3 HDMI, 2 USB",LED GG-43 SG IBIZA,G-GUARD,FHD,159.0,/products/ggd0921st0379,https://smartbuy-me.com/cdn/shop/files/GGD0921ST0379.jpg?v=1722956106&width=1024
Sht Double Arm Tv Wall Mount For 26-65 Tvs ,CP512,SHT,WALL BRACKET,75.0,/products/sht0931st0011,https://smartbuy-me.com/cdn/shop/files/SHT0931ST0011-1_1bace2f7-2489-4cf2-9031-06d39fc3edaf.jpg?v=1722502953&width=1024
Anycast Airplay 1080P Wireless Wifi Display Tv Dongle Receiver Hd Tv,2IN1 CAST,REMAX,Connectivity,10.0,/products/gol0804st0519,https://smartbuy-me.com/cdn/shop/files/GOL0804ST0519.jpg?v=1722957412&width=1024
"G-Guard TV 70Inch 4K, Smart Google TV Licensed ,3 HDMI, 2 USB, Chromecast",LED GG-70 TG Novo,G-Guard,UHD,419.0,/products/sdn0921st0058,https://smartbuy-me.com/cdn/shop/files/SDN0921ST0058-1.jpg?v=1730021308&width=1024
Soidarity Tv Bracket V-Star / Flat Panel Tv Wall Mount 32-70,CP502,AGTC,WALL BRACKET,64.99,/products/sht0915st0044,https://smartbuy-me.com/cdn/shop/files/SHT0915ST0044.jpg?v=1722964528&width=1024
General Deluxe Android Tv 4K 75 Inch WebOS Hub HDMI 3,LD 7500 SMART,General Deluxe,UHD,399.0,/products/gde0921st0001,https://smartbuy-me.com/cdn/shop/files/GDE0921ST0001-3_bf0d5dc5-70d8-4636-9f8f-fe85a1e8ce52.jpg?v=1722500591&width=1024
"G-Guard LED TV 65 Inch 4K, Smart Google TV, 3 HDMI, 2 USB , Wi-Fi",LED GG-65 SG Legacy,G-GUARD,UHD,422.0,/products/ccd0921st0004,https://smartbuy-me.com/cdn/shop/files/CCD0921ST0004.1.jpg?v=1727604827&width=1024
"G-Guard TV 75 QLED, Smart Google TV Licensed ,3 HDMI, 2 USB, HDR10",GG-75 TQG Eagle QLED,G-Guard,QLED,666.0,/products/sdn0921st0047,https://smartbuy-me.com/cdn/shop/files/SDN0921ST0047-1.jpg?v=1728555046&width=1024
Skyworth Tv Led Super Smart 50 4K,50SUC8300,SKYWORTH,UHD,189.0,/products/nda0921st0002,https://smartbuy-me.com/cdn/shop/files/NDA0921ST0002_42069a3c-997d-4023-a23d-e8bbbcd01354.jpg?v=1722962569&width=1024
Customizable Frame For The Frame Tv(Brown),VG-SCFA75BWBRU,SAMSUNG,QLED,71.0,/products/sce0921st0078,https://smartbuy-me.com/cdn/shop/files/SCE0921ST0078.jpg?v=1722963537&width=1024
Sht Double Arm Tv Wall Mount For 26-65 Tvs ,CP600,SHT,WALL BRACKET,55.0,/products/sht0931st0012,https://smartbuy-me.com/cdn/shop/files/SHT0931ST0012-1_cd7b3342-19a2-41c6-af73-22d2005f3e69.jpg?v=1722502958&width=1024
Google Chromecast With Google Tv Fhd Hdmi Connector Dual Band Wi-Fi Android Built-,GA03131-US,Google,Connectivity,44.98,/products/gol0758st0080,https://smartbuy-me.com/cdn/shop/files/GOL0758ST0080.jpg?v=1722957186&width=1024
Soidarity 2.0V Tv Hdmi Cable 1.8M,HDMI-1487,Soilarity,Connectivity,10.0,/products/sht0915st0053,https://smartbuy-me.com/cdn/shop/files/SHT0915ST0053_ff393577-d424-4fe8-8f04-df8e623ae701.jpg?v=1722964548&width=1024
"G-Guard TV 65 QLED ,Smart Google TV Licensed ,3 HDMI , 2 USB,VRR 144Hz,HD",GG-65 CQG Infinity QLED,G-Guard,QLED,555.0,/products/sdn0921st0051,https://smartbuy-me.com/cdn/shop/files/SDN0921ST0051-1.jpg?v=1728556958&width=1024
Samsung Led Tv 65 Smart Oled 4 Hdmi 2 Usb Satellite,QA65S90CAUXTW,SAMSUNG,OLED,999.0,/products/sce0921st0171,https://smartbuy-me.com/cdn/shop/files/SCE0921ST0171.jpg?v=1722963596&width=1024
"G-Guard TV 75 QLED, Smart Google TV Licensed ,3 HDMI, 2 USB, VRR 144Hz, HD",GG-75 CQG Infinity QLED,G-Guard,QLED,777.0,/products/sdn0921st0052,https://smartbuy-me.com/cdn/shop/files/SDN0921ST0052-1.jpg?v=1728557025&width=1024
Agtc Solidarity Tv Bracket Vesa To 50/60,SHT32-85,AGTC,WALL BRACKET,25.0,/products/sht0915st0029,https://smartbuy-me.com/cdn/shop/files/SHT0915ST0029.jpg?v=1722964499&width=1024
Soidarity 2.0V Tv Hdmi Cable 3 M,X5803,AGTC,Connectivity,13.0,/products/sht0915st0031,https://smartbuy-me.com/cdn/shop/files/SHT0915ST0031.jpg?v=1722964505&width=1024
"G-Guard TV 55 QLED ,Smart Google TV Licensed ,3 HDMI , 2 USB,VRR 144Hz,HD",GG-55 CQG Infinity QLED,G-Guard,QLED,399.0,/products/sdn0921st0050,https://smartbuy-me.com/cdn/shop/files/SDN0921ST0050-1.jpg?v=1728556863&width=1024
"G-Guard TV 50 QLED, Smart Google TV Licensed ,3 HDMI, 2 USB, VRR 144Hz, HD",GG-50 CQG InfinitY QLED,G-Guard,QLED,329.0,/products/sdn0921st0049,https://smartbuy-me.com/cdn/shop/files/SDN0921ST0049-1.jpg?v=1728555172&width=1024
Sony 55 Led Tv Led Television 4K HDR X1 Processor Live,KD-55X75K,SONY,UHD,449.0,/products/son0921st0021,https://smartbuy-me.com/cdn/shop/files/SON0921ST0021.jpg?v=1722965013&width=1024
Soidarity 2.0V Tv Hdmi Cable 3M,HDMI-14873M,Soilarity,Connectivity,13.0,/products/sht0915st0054,https://smartbuy-me.com/cdn/shop/files/SHT0915ST0054_95250a99-3524-43ae-8543-93fbf1887cbf.jpg?v=1722964551&width=1024
Sht Tv Wall Mount For Most 42-80 Inch,T53,SHT,WALL BRACKET,20.0,/products/sht0931st0007,https://smartbuy-me.com/cdn/shop/files/SHT0931ST0007-1_666b3055-4235-412f-8ae5-08a328394e9d.jpg?v=1722502922&width=1024
"SONY 65 Inch LED 4K Smart Android TV, 3 HDMI, 2 USB ,60Hz",KD-65X75K,SONY,UHD,579.0,/products/son0921st0019,https://smartbuy-me.com/cdn/shop/files/SON0921ST0019.jpg?v=1729424349&width=1024
Wall Bracket / Flat Panel Tv Wall Mount 15-42,HT-001,AGTC,WALL BRACKET,4.99,/products/sht0931st0001,https://smartbuy-me.com/cdn/shop/files/SHT0931ST0001.jpg?v=1722964557&width=1024
"Skyworth Tv 43 4K Led Super, Smart Android 10, HDMI, 2 Usb",43STE6600,SKYWORTH,UHD,175.0,/products/nda0921st0013,https://smartbuy-me.com/cdn/shop/files/NDA0921ST0013_96f22dcf-6775-4211-bf69-8ea804c529a5.jpg?v=1722962578&width=1024
"SKYWORTH TV 50 LED Super Smart, 50, 4K, 3 HDMI, 2 USB",50SUE8500,SKYWORTH,UHD,239.0,/products/nda0921st0014,https://smartbuy-me.com/cdn/shop/files/NDA0921ST0014_56ae2f91-362f-4466-89f3-395d63817105.jpg?v=1722962581&width=1024
Solidarity Tv Bracket Vesa Plasma Wall Mount / 32 - 65,SHT3265,AGTC,WALL BRACKET,15.0,/products/sht0915st0042,https://smartbuy-me.com/cdn/shop/files/SHT0915ST0042.jpg?v=1722964523&width=1024
Samsung Led Tv 55 Smart Crystal 4K 3 HDMI 1 Usb Satellite Built-In Wi-Fi,UA55DU7000UXTW,SAMSUNG,UHD,299.0,/products/sce0921st0233,https://smartbuy-me.com/cdn/shop/files/SCE0921ST0233.jpg?v=1722963673&width=1024
Skyworth Led Tv 55 Super Smart 4K 3Hdmi 2 Usb,55SUE9350F,SKYWORTH,UHD,279.0,/products/nda0921st0010,https://smartbuy-me.com/cdn/shop/files/NDA0921ST0010_1452b68e-9509-417b-8560-5fcdea25c9f7.jpg?v=1722962575&width=1024
Samsung Led Tv 50 Smart Crystal 4K 3 Hdmi 1 Usb Satellite Built-In Wi-F,UA50CU7000UXTW,SAMSUNG,UHD,379.0,/products/sce0521st0005,https://smartbuy-me.com/cdn/shop/files/SCE0521ST0005.jpg?v=1722963401&width=1024
"Samsung 75, QLED Lite 4K TV, HDR10+, SMART ,3HDMI ,2USB, Satellite Built-in",QA75Q60DAUXTW,SAMSUNG,QLED,999.0,/products/sce0921st0230,https://smartbuy-me.com/cdn/shop/files/SCE0921ST0230.jpg?v=1725463795&width=1024
"Samsung LED TV 65Inch Smart, QLED 4K, 3 HDMI, 2 USB, Satellite Built-in",QA65Q60DAUXTW,SAMSUNG,QLED,749.0,/products/sce0921st0223,https://smartbuy-me.com/cdn/shop/files/SCE0921ST0223_b9a92f29-4e1f-4ed4-b370-fb2a28bb05fd.jpg?v=1725463261&width=1024
Samsung Led Tv 55 Smart Oled 4 HDMI 2 Usb Satellite Built-In Wi-Fi,QA55S90CAUXTW,SAMSUNG,OLED,1449.0,/products/sce0921st0216,https://smartbuy-me.com/cdn/shop/files/SCE0921ST0216.jpg?v=1724920160&width=1024
"Samsung The Frame Art LED TV 65, Smart, QLED  4K, 4 HDMI, 2 USB, HDR10",QA65LS03DAUXTW,Samsung,QLED,999.0,/products/sce0921st0262,https://smartbuy-me.com/cdn/shop/files/SCE0921ST0262-1.jpg?v=1728557201&width=1024
"Samsung LED TV 75 Inch Crystal 4K, Smart, 3 HDMI, 1 USB, Satellite Built-in ,Wifi",UA75DU7000UXTW,SAMSUNG,UHD,679.0,/products/sce0921st0251,https://smartbuy-me.com/cdn/shop/files/SCE0921ST0251.jpg?v=1729424670&width=1024
Awei Soundbar Wireless Surround Bluetooth Home Tv Speaker Home Sound Box System Convenient W,Y520,Awei,SOUND BAR,156.0,/products/mwa0907st0008,https://smartbuy-me.com/cdn/shop/files/MWA0907ST0008.jpg?v=1722962246&width=1024
Tv Stick Rk3036 Dual Core 1080P H.265 Anycast Miracast Mirror Dongle Dlna Airplay Wifi Display,Q1,REMAX,Connectivity,10.0,/products/gol0804st0514,https://smartbuy-me.com/cdn/shop/files/GOL0804ST0514.jpg?v=1722957393&width=1024
Samsung Led Tv 55 Smart Qled 4K 4 Hdmi 2 Usb Satellite Built-In Wi-Fi,QA55QN85BAUXTW,SAMSUNG,QLED,1199.0,/products/sce0921st0085,https://smartbuy-me.com/cdn/shop/files/SCE0921ST0085_3046b563-eec5-49f2-8176-54129cdcad9e.jpg?v=1722963540&width=1024
Samsung Led Tv 75 Smart Qled 4K 4 HDMI 2 Usb Satellite Built-In Wi-Fi HD,QA75Q70DAUXTW,SAMSUNG,QLED,1569.0,/products/sce0921st0231,https://smartbuy-me.com/cdn/shop/files/SCE0921ST0231.jpg?v=1722963667&width=1024
"Samsung LED TV 55 , Smart , QLED 4K , 4 HDMI , 2 USB , Satellite Built-in ,Wi-Fi ,HD",QA55Q70DAUXTW,SAMSUNG,QLED,719.0,/products/sce0921st0228,https://smartbuy-me.com/cdn/shop/files/SCE0921ST0228.jpg?v=1722963662&width=1024
Samsung Led Tv 75 Smart Crystal 4K 3 Hdmi 1 Usb Satellite Built-In Wi-Fi,UA75CU7000UXTW,SAMSUNG,UHD,869.0,/products/sce0921st0206,https://smartbuy-me.com/cdn/shop/files/SCE0921ST0206_1a5c17a9-ef8d-430b-9a5c-b216f953f4d7.jpg?v=1722963640&width=1024
Samsung Led Tv 55 Smart Qled 4K 3 HDMI 2 Usb Satellite Built-In HDR Wi-Fi,QA55Q60DAUXTW,SAMSUNG,QLED,499.0,/products/sce0921st0222,https://smartbuy-me.com/cdn/shop/files/SCE0921ST0222.jpg?v=1722963651&width=1024
Bluetooth & Wireless 2.4ghz Silent Wireless Mouse Pc Laptop Tv Mac Compatible,M231,HP,Computer Accessories,20.0,/products/gol0804st0790,https://smartbuy-me.com/cdn/shop/files/GOL0804ST0790-3_eec3c5f1-aaa5-43e6-bf2e-e138810fca6e.jpg?v=1723372296&width=1024
Samsung Led Tv 55 Smart Qled 4K 3 HDMI 2 Usb Satellite Built-In Wi-Fi,QA55Q60CAUXTW,SAMSUNG,QLED,579.0,/products/sce0921st0152,https://smartbuy-me.com/cdn/shop/files/SCE0921ST0152_1.jpg?v=1722972091&width=1024
Sht Trolley Stand Bracket Visa 40*60,Y800,SHT,TV STAND,120.0,/products/sht0915st0051,https://smartbuy-me.com/cdn/shop/files/SHT0915ST0051.png?v=1723645185&width=1024
Vg-Scfa65Wtbru,VG-SCFA65WTBRU,SAMSUNG,TV FRAME,71.0,/products/sce0921st0066,https://smartbuy-me.com/cdn/shop/files/SCE0921ST0066.jpg?v=1722963535&width=1024
"Sony 65 Bravia Xr Class A80L Oled, Contrast Pro 4K HDR",XR-65A80L,SONY,OLED,1799.0,/products/son0921st0025,https://smartbuy-me.com/cdn/shop/files/SON0921ST0025-1_1222ecb3-d685-40b1-bf3d-294eb794cb48.jpg?v=1722503257&width=1024
"Skyworth 70 Smart 4K, 70 Inch, Smart, HDMI 3",70SUE9350F,SKYWORTH,UHD,449.0,/products/nda0921st0006,https://smartbuy-me.com/cdn/shop/files/NDA0921ST0006_1.jpg?v=1722971588&width=1024
"SONA Microwave Oven, 25Lit, Silver",EM-25LSHN,SONA,MICROWAVES,65.0,/products/nda0635st0003,https://smartbuy-me.com/cdn/shop/files/NDA0635ST0003.jpg?v=1722962549&width=1024
15-Inch Macbook Air: M3 Chip With 8-Core Cpu And 10-Core Gpu 8Gb 256Gb Ssd -,MRYR3AB,APPLE,MacBook,1225.0,/products/abj1502st0196,https://smartbuy-me.com/cdn/shop/files/ABJ1502ST0196_64a71d2b-fd45-49e9-9a12-fa60a56ef99f.jpg?v=1722952055&width=1024
15-Inch Macbook Air: M3 Chip With 8-Core Cpu And 10-Core Gpu 8Gb 256Gb Ssd -,MRYR3AE,APPLE,MacBook,1225.0,/products/abj1502st0197,https://smartbuy-me.com/cdn/shop/files/ABJ1502ST0197_6d098a6d-8363-4cc0-b255-f371aca1d4c2.jpg?v=1722952059&width=1024
Samsung Microwave Oven Solo Samsung Microwave 32L Solo1500 Watts,ME9114GST1,SAMSUNG,MICROWAVES,118.99,/products/sce0635st0001,https://smartbuy-me.com/cdn/shop/files/SCE0635ST0001.jpg?v=1722963494&width=1024
Totu Ring Lenss Iphone 12 13 & 14 Series,AB-061,TOTU,Covers & Cases,10.0,/products/sht0711st0282,https://smartbuy-me.com/cdn/shop/files/SHT0711ST0282.jpg?v=1722964219&width=1024
Ignis Dishwasher Black Safety System 10 Programs 15 Sets A+++,DWRI510B,IGNIS,FREE STAND,469.0,/products/spe0614st0006,https://smartbuy-me.com/cdn/shop/files/SPE0614ST0006.jpg?v=1722965120&width=1024
Ignis Dishwasher Black Safety System 6 Programs 13 Sets A+++,DWTI306NB,IGNIS,FREE STAND,319.0,/products/spe0614st0002,https://smartbuy-me.com/cdn/shop/files/SPE0614ST0002.jpg?v=1722965110&width=1024
Loyalty Card,Default Title,SmartBuy,,3.0,/products/loyalty-card,https://smartbuy-me.com/cdn/shop/files/NEW-09.jpg?v=1727183386&width=1024
Samsung The Frame Art Led 75 Smart Qled 4 Hdmi 2 Usb Hdr10+,QA75LS03DAUXTW,SAMSUNG,QLED,1199.0,/products/sce0921st0226,https://smartbuy-me.com/cdn/shop/files/SCE0921ST0226_12776cd3-aafd-4df5-98cb-8440ad94534d.jpg?v=1727517046&width=1024
"Skyworth 65 Smart 4K, Resolution 4K, HDMI 3, USB2",65SUE9350F,SKYWORTH,UHD,389.0,/products/nda0921st0009,https://smartbuy-me.com/cdn/shop/files/NDA0921ST0009_1.jpg?v=1722971592&width=1024
Dell 23.8 Full HD Led Monitor Free sync,SE2422H,DELL,MONITORS,119.0,/products/hsl0812st0044,https://smartbuy-me.com/cdn/shop/files/HSL0812ST0044-1_cd0f7ed0-b15d-4b0d-8345-47789c3db60c.jpg?v=1722501189&width=1024
